14ee0aea9f18d1568f843d3975a29f032a9a268a,DELETE,regular-file,.next/app-build-manifest.json,5735,
3bf47e5ce01efb82ad5c957bff0237aa705b7a35,DELETE,regular-file,.next/build-manifest.json,754,
c036efd610d91a68a3e7688bf7d8312046b69ae0,DELETE,regular-file,.next/build/chunks/[root-of-the-server]__04d7a048._.js,17475,
28970fb94558a7ad6365ba45d48d2a8561b28dd4,DELETE,regular-file,.next/build/chunks/[root-of-the-server]__04d7a048._.js.map,24683,
d44f9fd772a283c25eeb334b68c6ee9655c3524f,DELETE,regular-file,.next/build/chunks/[root-of-the-server]__05f88b00._.js,6390,
601c86167ce4299fd86698f167af54c73f19d9c3,DELETE,regular-file,.next/build/chunks/[root-of-the-server]__05f88b00._.js.map,6956,
12f17ddebe3dcb3a24567d5c3b68639177505787,DELETE,regular-file,.next/build/chunks/[turbopack]_runtime.js,25431,
cfaaedfbc16e291a6e294f4adc69dfe0671ddad1,DELETE,regular-file,.next/build/chunks/[turbopack]_runtime.js.map,45475,
6a732ce1d79a2400f74eea2988e9fadbddd76046,DELETE,regular-file,.next/build/chunks/node_modules_b5d1def4._.js,259835,
b83457e9fc8e1d549b5253af90def60104852ed2,DELETE,regular-file,.next/build/chunks/node_modules_b5d1def4._.js.map,371987,
dc9f7dd4787ee74052f95060091ef26d8a5b3662,DELETE,regular-file,.next/build/chunks/postcss_config_mjs_transform_ts_f0ffbaad._.js,676,
c15d7ec00382d3604310ddb8b53cbdb90d9e1942,DELETE,regular-file,.next/build/chunks/postcss_config_mjs_transform_ts_f0ffbaad._.js.map,53,
8b439534ae21b49a933da27c39b41b5d3091502c,DELETE,regular-file,.next/cache/.rscinfo,102,
428583c11e180e3e4ebea0b6ccd5210e384362fc,DELETE,regular-file,.next/fallback-build-manifest.json,258,
7156107e3aec28c4f7cea055e4cd67b6cc1e828c,DELETE,regular-file,.next/package.json,20,
ae6a55a0ec1d6a25128b34d494c94f90ed5f4858,DELETE,regular-file,.next/server/app-paths-manifest.json,418,
55ddc01fbde45e762f7045ecfb4b12ff496b7080,DELETE,regular-file,.next/server/app/_not-found/page.js,2829,
c15d7ec00382d3604310ddb8b53cbdb90d9e1942,DELETE,regular-file,.next/server/app/_not-found/page.js.map,53,
3b01cc5531fcde5614338bdb1d795ea56c2b8e7b,DELETE,regular-file,.next/server/app/_not-found/page/app-build-manifest.json,1034,
523c2ecd4ff290a0124ac40ae1fe3c887263f288,DELETE,regular-file,.next/server/app/_not-found/page/app-paths-manifest.json,50,
a8a6fd49d168e0252b3f376a8b9e4cd1e437e69a,DELETE,regular-file,.next/server/app/_not-found/page/build-manifest.json,647,
e0cc4007554c31e6bd1e2b5da52f6728e85faa1a,DELETE,regular-file,.next/server/app/_not-found/page/next-font-manifest.json,94,
9e26dfeeb6e641a33dae4961196235bdb965b21b,DELETE,regular-file,.next/server/app/_not-found/page/react-loadable-manifest.json,2,
27a92af52d0301fa22bfeef19f000e867be90f6b,DELETE,regular-file,.next/server/app/_not-found/page/server-reference-manifest.json,30,
b2004284b90f1e776ffbaf6f50d8b7668fbd6abf,DELETE,regular-file,.next/server/app/_not-found/page_client-reference-manifest.js,16388,
27b748f3eec39c0f562076b14ab02458eaba5be3,DELETE,regular-file,.next/server/app/api/auth/[...nextauth]/route.js,1062,
c15d7ec00382d3604310ddb8b53cbdb90d9e1942,DELETE,regular-file,.next/server/app/api/auth/[...nextauth]/route.js.map,53,
00b99dc9934fd0f4708dc64fb7a2cf3b6bd7b466,DELETE,regular-file,.next/server/app/api/auth/[...nextauth]/route/app-build-manifest.json,489,
c97b5883964a6937efcea5f598e7c5813a7b6897,DELETE,regular-file,.next/server/app/api/auth/[...nextauth]/route/app-paths-manifest.json,76,
a8a6fd49d168e0252b3f376a8b9e4cd1e437e69a,DELETE,regular-file,.next/server/app/api/auth/[...nextauth]/route/build-manifest.json,647,
e0cc4007554c31e6bd1e2b5da52f6728e85faa1a,DELETE,regular-file,.next/server/app/api/auth/[...nextauth]/route/next-font-manifest.json,94,
9e26dfeeb6e641a33dae4961196235bdb965b21b,DELETE,regular-file,.next/server/app/api/auth/[...nextauth]/route/react-loadable-manifest.json,2,
27a92af52d0301fa22bfeef19f000e867be90f6b,DELETE,regular-file,.next/server/app/api/auth/[...nextauth]/route/server-reference-manifest.json,30,
c6213d0c3d1fa72fe845c6c00098daf972ea1898,DELETE,regular-file,.next/server/app/api/auth/[...nextauth]/route_client-reference-manifest.js,325,
c09828e0a55c6fa260c48cab32067308381aa932,DELETE,regular-file,.next/server/app/api/generate/route.js,1244,
c15d7ec00382d3604310ddb8b53cbdb90d9e1942,DELETE,regular-file,.next/server/app/api/generate/route.js.map,53,
a6b768888df88cab8a86882d165552f7f21b2bdc,DELETE,regular-file,.next/server/app/api/generate/route/app-build-manifest.json,479,
5d639158171a6c56a0141d9d20983b280e0deabb,DELETE,regular-file,.next/server/app/api/generate/route/app-paths-manifest.json,56,
a8a6fd49d168e0252b3f376a8b9e4cd1e437e69a,DELETE,regular-file,.next/server/app/api/generate/route/build-manifest.json,647,
e0cc4007554c31e6bd1e2b5da52f6728e85faa1a,DELETE,regular-file,.next/server/app/api/generate/route/next-font-manifest.json,94,
9e26dfeeb6e641a33dae4961196235bdb965b21b,DELETE,regular-file,.next/server/app/api/generate/route/react-loadable-manifest.json,2,
27a92af52d0301fa22bfeef19f000e867be90f6b,DELETE,regular-file,.next/server/app/api/generate/route/server-reference-manifest.json,30,
fa8c47518c242695cad10cd14d5242a1a0819331,DELETE,regular-file,.next/server/app/api/generate/route_client-reference-manifest.js,315,
bc353b7104cecf518f9d93c5fbef3c949ac0b976,DELETE,regular-file,.next/server/app/favicon.ico/route.js,938,
c15d7ec00382d3604310ddb8b53cbdb90d9e1942,DELETE,regular-file,.next/server/app/favicon.ico/route.js.map,53,
474be94a07febea1b0ac9d54e29be3ea516a4785,DELETE,regular-file,.next/server/app/favicon.ico/route/app-build-manifest.json,478,
789e89c5eb7b115f157da37f8d42ce524774e1e7,DELETE,regular-file,.next/server/app/favicon.ico/route/app-paths-manifest.json,54,
a8a6fd49d168e0252b3f376a8b9e4cd1e437e69a,DELETE,regular-file,.next/server/app/favicon.ico/route/build-manifest.json,647,
b3693ab527ffe3c0322a174461a67cbc89ec4de7,DELETE,regular-file,.next/server/app/login/page.js,2839,
c15d7ec00382d3604310ddb8b53cbdb90d9e1942,DELETE,regular-file,.next/server/app/login/page.js.map,53,
6c7b5899366e0325b4d0646b31e3e594db46f3ae,DELETE,regular-file,.next/server/app/login/page/app-build-manifest.json,1123,
be4d34f5f874ade21687833d2db9ef4d4f3b358c,DELETE,regular-file,.next/server/app/login/page/app-paths-manifest.json,40,
a8a6fd49d168e0252b3f376a8b9e4cd1e437e69a,DELETE,regular-file,.next/server/app/login/page/build-manifest.json,647,
e0cc4007554c31e6bd1e2b5da52f6728e85faa1a,DELETE,regular-file,.next/server/app/login/page/next-font-manifest.json,94,
9e26dfeeb6e641a33dae4961196235bdb965b21b,DELETE,regular-file,.next/server/app/login/page/react-loadable-manifest.json,2,
27a92af52d0301fa22bfeef19f000e867be90f6b,DELETE,regular-file,.next/server/app/login/page/server-reference-manifest.json,30,
1a27e124139a9e1fe15e3fa34b4883c10c0f82a1,DELETE,regular-file,.next/server/app/login/page_client-reference-manifest.js,19038,
7140b3aa98f27b7bc7c3385e8e3ec5d33b476384,DELETE,regular-file,.next/server/app/models/create/page.js,2890,
c15d7ec00382d3604310ddb8b53cbdb90d9e1942,DELETE,regular-file,.next/server/app/models/create/page.js.map,53,
72bee9762f1ca2126d56c122f99d7274b609a8dc,DELETE,regular-file,.next/server/app/models/create/page/app-build-manifest.json,1054,
a7ed2c329ae4e06d8d3a820a9916e0e56f5732cd,DELETE,regular-file,.next/server/app/models/create/page/app-paths-manifest.json,56,
a8a6fd49d168e0252b3f376a8b9e4cd1e437e69a,DELETE,regular-file,.next/server/app/models/create/page/build-manifest.json,647,
e0cc4007554c31e6bd1e2b5da52f6728e85faa1a,DELETE,regular-file,.next/server/app/models/create/page/next-font-manifest.json,94,
9e26dfeeb6e641a33dae4961196235bdb965b21b,DELETE,regular-file,.next/server/app/models/create/page/react-loadable-manifest.json,2,
27a92af52d0301fa22bfeef19f000e867be90f6b,DELETE,regular-file,.next/server/app/models/create/page/server-reference-manifest.json,30,
fd022ee4373513e4f40c66844c4496f69a01aa3e,DELETE,regular-file,.next/server/app/models/create/page_client-reference-manifest.js,18414,
e64b19bd17cf84badbed787a008c58c421741cc2,DELETE,regular-file,.next/server/app/page.js,2800,
c15d7ec00382d3604310ddb8b53cbdb90d9e1942,DELETE,regular-file,.next/server/app/page.js.map,53,
b38b6a7128b8d0671c49883222587f91cccef24a,DELETE,regular-file,.next/server/app/page/app-build-manifest.json,1111,
e234c2edbbd69e4bb6bee22f0e1e5c5f9b36619b,DELETE,regular-file,.next/server/app/page/app-paths-manifest.json,28,
a8a6fd49d168e0252b3f376a8b9e4cd1e437e69a,DELETE,regular-file,.next/server/app/page/build-manifest.json,647,
e0cc4007554c31e6bd1e2b5da52f6728e85faa1a,DELETE,regular-file,.next/server/app/page/next-font-manifest.json,94,
9e26dfeeb6e641a33dae4961196235bdb965b21b,DELETE,regular-file,.next/server/app/page/react-loadable-manifest.json,2,
27a92af52d0301fa22bfeef19f000e867be90f6b,DELETE,regular-file,.next/server/app/page/server-reference-manifest.json,30,
e467c2bf7be1f24e6f61b5251ae96b453ff4f928,DELETE,regular-file,.next/server/app/page_client-reference-manifest.js,19018,
11e737355a3cbacd930dc4e2439481530df152b6,DELETE,regular-file,.next/server/app/plan/history/page.js,2884,
c15d7ec00382d3604310ddb8b53cbdb90d9e1942,DELETE,regular-file,.next/server/app/plan/history/page.js.map,53,
f5ad2f724e0c7a547a5602e9c7b6830c1599f756,DELETE,regular-file,.next/server/app/plan/history/page/app-build-manifest.json,1137,
c01b29a8b39b67dffdd62726cc7b908dafaeebfa,DELETE,regular-file,.next/server/app/plan/history/page/app-paths-manifest.json,54,
a8a6fd49d168e0252b3f376a8b9e4cd1e437e69a,DELETE,regular-file,.next/server/app/plan/history/page/build-manifest.json,647,
e0cc4007554c31e6bd1e2b5da52f6728e85faa1a,DELETE,regular-file,.next/server/app/plan/history/page/next-font-manifest.json,94,
9e26dfeeb6e641a33dae4961196235bdb965b21b,DELETE,regular-file,.next/server/app/plan/history/page/react-loadable-manifest.json,2,
27a92af52d0301fa22bfeef19f000e867be90f6b,DELETE,regular-file,.next/server/app/plan/history/page/server-reference-manifest.json,30,
a21ae87f96f36c013bebea2d45b60522cff8c2e3,DELETE,regular-file,.next/server/app/plan/history/page_client-reference-manifest.js,19343,
faac72105b6b4fd3d1ef7f1f13a04abba3432555,DELETE,regular-file,.next/server/app/plan/page.js,2833,
c15d7ec00382d3604310ddb8b53cbdb90d9e1942,DELETE,regular-file,.next/server/app/plan/page.js.map,53,
ed77bb483043353b60b2d380b0160f4a12a30798,DELETE,regular-file,.next/server/app/plan/page/app-build-manifest.json,1195,
0069d41e6273e8610431108e62b296b901ffe8b1,DELETE,regular-file,.next/server/app/plan/page/app-paths-manifest.json,38,
a8a6fd49d168e0252b3f376a8b9e4cd1e437e69a,DELETE,regular-file,.next/server/app/plan/page/build-manifest.json,647,
e0cc4007554c31e6bd1e2b5da52f6728e85faa1a,DELETE,regular-file,.next/server/app/plan/page/next-font-manifest.json,94,
9e26dfeeb6e641a33dae4961196235bdb965b21b,DELETE,regular-file,.next/server/app/plan/page/react-loadable-manifest.json,2,
27a92af52d0301fa22bfeef19f000e867be90f6b,DELETE,regular-file,.next/server/app/plan/page/server-reference-manifest.json,30,
851326418ba3556648deab45b3aa224c89ba3247,DELETE,regular-file,.next/server/app/plan/page_client-reference-manifest.js,19331,
b9928854e1dd85d0d51cdcba6dd70ce9815d7190,DELETE,regular-file,.next/server/app/practice/add/[id]/page.js,2917,
c15d7ec00382d3604310ddb8b53cbdb90d9e1942,DELETE,regular-file,.next/server/app/practice/add/[id]/page.js.map,53,
33c46849dfcdbea38edd84656c870642b906c5b6,DELETE,regular-file,.next/server/app/practice/add/[id]/page/app-build-manifest.json,1185,
0258cbfccd9550ff4f73af3cb2b8b15ee0c97b84,DELETE,regular-file,.next/server/app/practice/add/[id]/page/app-paths-manifest.json,64,
a8a6fd49d168e0252b3f376a8b9e4cd1e437e69a,DELETE,regular-file,.next/server/app/practice/add/[id]/page/build-manifest.json,647,
e0cc4007554c31e6bd1e2b5da52f6728e85faa1a,DELETE,regular-file,.next/server/app/practice/add/[id]/page/next-font-manifest.json,94,
9e26dfeeb6e641a33dae4961196235bdb965b21b,DELETE,regular-file,.next/server/app/practice/add/[id]/page/react-loadable-manifest.json,2,
27a92af52d0301fa22bfeef19f000e867be90f6b,DELETE,regular-file,.next/server/app/practice/add/[id]/page/server-reference-manifest.json,30,
6d72061560ebf4440064d1b643daa3e6af9dc773,DELETE,regular-file,.next/server/app/practice/add/[id]/page_client-reference-manifest.js,19488,
bb1d775e3eea61f37c634deafa85dd02cbace409,DELETE,regular-file,.next/server/app/practice/history/page.js,2908,
c15d7ec00382d3604310ddb8b53cbdb90d9e1942,DELETE,regular-file,.next/server/app/practice/history/page.js.map,53,
8b03cadd5feb93fcd3e5f42cbbbf990864531f3b,DELETE,regular-file,.next/server/app/practice/history/page/app-build-manifest.json,1183,
a7f036640a264d688ca95211a88c5489efdcc6c9,DELETE,regular-file,.next/server/app/practice/history/page/app-paths-manifest.json,62,
a8a6fd49d168e0252b3f376a8b9e4cd1e437e69a,DELETE,regular-file,.next/server/app/practice/history/page/build-manifest.json,647,
e0cc4007554c31e6bd1e2b5da52f6728e85faa1a,DELETE,regular-file,.next/server/app/practice/history/page/next-font-manifest.json,94,
9e26dfeeb6e641a33dae4961196235bdb965b21b,DELETE,regular-file,.next/server/app/practice/history/page/react-loadable-manifest.json,2,
27a92af52d0301fa22bfeef19f000e867be90f6b,DELETE,regular-file,.next/server/app/practice/history/page/server-reference-manifest.json,30,
c7c9583ae2c62ba6a09b0099bbebc5a2e5737f0e,DELETE,regular-file,.next/server/app/practice/history/page_client-reference-manifest.js,19523,
ff04b26b8fdea3ab422b1c687d679a52c0d8c69e,DELETE,regular-file,.next/server/app/welcome/page.js,2851,
c15d7ec00382d3604310ddb8b53cbdb90d9e1942,DELETE,regular-file,.next/server/app/welcome/page.js.map,53,
42690a02c0eb685d19bffd6ed56c0c8e1fcceb43,DELETE,regular-file,.next/server/app/welcome/page/app-build-manifest.json,1127,
f2014920e4cc6646ddf19321367e3b0cf46c01db,DELETE,regular-file,.next/server/app/welcome/page/app-paths-manifest.json,44,
a8a6fd49d168e0252b3f376a8b9e4cd1e437e69a,DELETE,regular-file,.next/server/app/welcome/page/build-manifest.json,647,
e0cc4007554c31e6bd1e2b5da52f6728e85faa1a,DELETE,regular-file,.next/server/app/welcome/page/next-font-manifest.json,94,
9e26dfeeb6e641a33dae4961196235bdb965b21b,DELETE,regular-file,.next/server/app/welcome/page/react-loadable-manifest.json,2,
27a92af52d0301fa22bfeef19f000e867be90f6b,DELETE,regular-file,.next/server/app/welcome/page/server-reference-manifest.json,30,
fe53bef98dfb935a76af058eecf2558e3a421698,DELETE,regular-file,.next/server/app/welcome/page_client-reference-manifest.js,19218,
3b4d45a575e28a7f0dc474a67bd3c6063633e5d5,DELETE,regular-file,.next/server/chunks/[root-of-the-server]__116efb04._.js,3117,
c15d7ec00382d3604310ddb8b53cbdb90d9e1942,DELETE,regular-file,.next/server/chunks/[root-of-the-server]__116efb04._.js.map,53,
2d4da77a5db15819d51e526336db728d4933be13,DELETE,regular-file,.next/server/chunks/[root-of-the-server]__4216d9ba._.js,38646,
d0024e82a0dac197d66697abe98cc6c802eaf5b2,DELETE,regular-file,.next/server/chunks/[root-of-the-server]__4216d9ba._.js.map,36037,
8a14a6911d5a1df73f50c7e43d6180f07d2da749,DELETE,regular-file,.next/server/chunks/[root-of-the-server]__85e62d83._.js,10361,
e07d6f66ef20a2f3914209dee82ac3d67b8e2a50,DELETE,regular-file,.next/server/chunks/[root-of-the-server]__85e62d83._.js.map,4881,
7a7a1ae16bc39604572a677b73f6df893e2160f8,DELETE,regular-file,.next/server/chunks/[root-of-the-server]__c9f2e4d5._.js,8952,
2e67d02a7282cddae995f99d03cdbf26f975cab9,DELETE,regular-file,.next/server/chunks/[root-of-the-server]__c9f2e4d5._.js.map,4894,
de978971fe9a3650b2303f271d74f1abe052a182,DELETE,regular-file,.next/server/chunks/[root-of-the-server]__e14f4b46._.js,13639,
a63729cfde1c567beecbe55606d566f43248ae3b,DELETE,regular-file,.next/server/chunks/[root-of-the-server]__e14f4b46._.js.map,8855,
75e6d61772a3ef6c6036d0e1a1322b9073a70e83,DELETE,regular-file,.next/server/chunks/[root-of-the-server]__e8b9e73b._.js,6196,
11c10b838bd77a35d4c887778c89429efbb71bd6,DELETE,regular-file,.next/server/chunks/[root-of-the-server]__e8b9e73b._.js.map,5315,
b89bd897515c0e6e2c81055a2811e70d280cc97d,DELETE,regular-file,.next/server/chunks/[turbopack]_runtime.js,25432,
cfaaedfbc16e291a6e294f4adc69dfe0671ddad1,DELETE,regular-file,.next/server/chunks/[turbopack]_runtime.js.map,45475,
98f41baaf27719ff1e7a40532cef94ff5e58c83c,DELETE,regular-file,.next/server/chunks/node_modules_3623e33a._.js,325760,
0190a0dfcd298da2aad9419e15716e9f977561b1,DELETE,regular-file,.next/server/chunks/node_modules_3623e33a._.js.map,417479,
3cb7f60c7e621006e9408c83be1f3abae2d95995,DELETE,regular-file,.next/server/chunks/node_modules_3ee3d02e._.js,1149859,
5698afd85924ff2b1f380734ca5fa2b0b500bc3a,DELETE,regular-file,.next/server/chunks/node_modules_3ee3d02e._.js.map,1654007,
4be14640811ceedb7a3189773651e3e534d6cd6c,DELETE,regular-file,.next/server/chunks/node_modules_c28e1a20._.js,298692,
24887a56df77e5deb8c4127b427853f46221410f,DELETE,regular-file,.next/server/chunks/node_modules_c28e1a20._.js.map,425503,
ad7c3d203f247a1d382738395896e82b840fc742,DELETE,regular-file,.next/server/chunks/node_modules_c79c4bca._.js,824175,
429720f6e120650a683e5712868e4c445f9d6f85,DELETE,regular-file,.next/server/chunks/node_modules_c79c4bca._.js.map,1236482,
683c4942f235333c3f0030228cce117fc99ca4bd,DELETE,regular-file,.next/server/chunks/node_modules_formdata-node_lib_esm_fileFromPath_e222123c.js,534,
c15d7ec00382d3604310ddb8b53cbdb90d9e1942,DELETE,regular-file,.next/server/chunks/node_modules_formdata-node_lib_esm_fileFromPath_e222123c.js.map,53,
d66dce11f1a2d869849a365b460c1764bdfea38a,DELETE,regular-file,.next/server/chunks/node_modules_next-auth_index_d2a3e124.js,542,
c15d7ec00382d3604310ddb8b53cbdb90d9e1942,DELETE,regular-file,.next/server/chunks/node_modules_next-auth_index_d2a3e124.js.map,53,
0b9a19cc443847c07df14027a7760ea33087b459,DELETE,regular-file,.next/server/chunks/node_modules_next_149b6418._.js,529947,
f1f23f925c9d404db781e9265573e501105ddab7,DELETE,regular-file,.next/server/chunks/node_modules_next_149b6418._.js.map,613083,
3c335800ad988cf0d35e6e102a008f63c4ede974,DELETE,regular-file,.next/server/chunks/node_modules_next_a21da7b7._.js,529012,
d57c8ed429e83faa0389447e6396f35f45308f57,DELETE,regular-file,.next/server/chunks/node_modules_next_a21da7b7._.js.map,613083,
3820db2fceee4b5946d0bf19072a3c43923a730d,DELETE,regular-file,.next/server/chunks/node_modules_openai_a822ecb7._.js,443851,
953a63267264dcbcb00d8d0f78f1675e0490c99a,DELETE,regular-file,.next/server/chunks/node_modules_openai_a822ecb7._.js.map,235328,
2a551b5d89945a9d7e0a5a8d5a519ca69d4d2e3a,DELETE,regular-file,.next/server/chunks/node_modules_tr46_816df9d9._.js,286121,
a9ceeabd8a546d643d7cc9148ebe1445b862a3b8,DELETE,regular-file,.next/server/chunks/node_modules_tr46_816df9d9._.js.map,12025,
27e5ddda9439cc06acc5a91c596be3ef492ea188,DELETE,regular-file,.next/server/chunks/ssr/[externals]_module_74f3e68c._.js,285,
c15d7ec00382d3604310ddb8b53cbdb90d9e1942,DELETE,regular-file,.next/server/chunks/ssr/[externals]_module_74f3e68c._.js.map,53,
5f2f522a2a319a4062917b80986d66d5fcf421f4,DELETE,regular-file,.next/server/chunks/ssr/[root-of-the-server]__091892e8._.js,18305,
c0d3c61be138ddcef30fc3e8b59cbce5ea0d27b4,DELETE,regular-file,.next/server/chunks/ssr/[root-of-the-server]__091892e8._.js.map,5811,
14d6999d33d68d8f7e345eb5d27933f32057931d,DELETE,regular-file,.next/server/chunks/ssr/[root-of-the-server]__0a46983d._.js,2433,
c15d7ec00382d3604310ddb8b53cbdb90d9e1942,DELETE,regular-file,.next/server/chunks/ssr/[root-of-the-server]__0a46983d._.js.map,53,
b908f88f7ed6e32be984728dedc1696691f90492,DELETE,regular-file,.next/server/chunks/ssr/[root-of-the-server]__18bcc216._.js,61062,
6acc32470450e31248f9fda3bac2912df13f0bf3,DELETE,regular-file,.next/server/chunks/ssr/[root-of-the-server]__18bcc216._.js.map,19113,
52b911c47156af9ad04c44837da1184176579e0d,DELETE,regular-file,.next/server/chunks/ssr/[root-of-the-server]__219d7520._.js,156055,
d456aa7b03206dca466973a2d2f60f5bfe55be25,DELETE,regular-file,.next/server/chunks/ssr/[root-of-the-server]__219d7520._.js.map,125322,
0953d06b3d65a207471a1d4df75107b99cc171ab,DELETE,regular-file,.next/server/chunks/ssr/[root-of-the-server]__2fd504b9._.js,95745,
7a4b4bb88ebb8bf32a375d7c78ab2c2ffece11bd,DELETE,regular-file,.next/server/chunks/ssr/[root-of-the-server]__2fd504b9._.js.map,104887,
1903d129680f08f8d96f060c4365cbc1cb3e51e8,DELETE,regular-file,.next/server/chunks/ssr/[root-of-the-server]__4a3590e5._.js,105539,
b0cb0d4b712ae53d2ebe98c35e6bcfa55e8d07ad,DELETE,regular-file,.next/server/chunks/ssr/[root-of-the-server]__4a3590e5._.js.map,45146,
0befbc45add45e09e33b68cb0fde33352f3c031a,DELETE,regular-file,.next/server/chunks/ssr/[root-of-the-server]__5277f6fd._.js,1375,
c15d7ec00382d3604310ddb8b53cbdb90d9e1942,DELETE,regular-file,.next/server/chunks/ssr/[root-of-the-server]__5277f6fd._.js.map,53,
ed2cfd0eac0ae9fcad9051d51a2a8a5e4629a979,DELETE,regular-file,.next/server/chunks/ssr/[root-of-the-server]__536c09d7._.js,11223,
2647a37e8c6fd8051ef86df78b9a497883d8d89b,DELETE,regular-file,.next/server/chunks/ssr/[root-of-the-server]__536c09d7._.js.map,4882,
04cf512f01f23bff6f49d18bfb596c594d3f34a9,DELETE,regular-file,.next/server/chunks/ssr/[root-of-the-server]__5e5edfad._.js,60465,
b90f40d0fa1fbec2fdfdd335670047cc1d95b599,DELETE,regular-file,.next/server/chunks/ssr/[root-of-the-server]__5e5edfad._.js.map,20661,
aa21e24b7e1f0e4174a0572145215f3e688b4205,DELETE,regular-file,.next/server/chunks/ssr/[root-of-the-server]__61b95863._.js,1801,
c15d7ec00382d3604310ddb8b53cbdb90d9e1942,DELETE,regular-file,.next/server/chunks/ssr/[root-of-the-server]__61b95863._.js.map,53,
852b2149de3fb6296e9d8c302c66ab8f3e6b88aa,DELETE,regular-file,.next/server/chunks/ssr/[root-of-the-server]__69c51984._.js,1375,
c15d7ec00382d3604310ddb8b53cbdb90d9e1942,DELETE,regular-file,.next/server/chunks/ssr/[root-of-the-server]__69c51984._.js.map,53,
92917316594f27c2724802ef0e01caa06b6f0a34,DELETE,regular-file,.next/server/chunks/ssr/[root-of-the-server]__6fdf64ad._.js,72994,
8fa6fa4539976ff701f75dfb138ed07f101cdcdc,DELETE,regular-file,.next/server/chunks/ssr/[root-of-the-server]__6fdf64ad._.js.map,26482,
71a0b828a504e3c8fa8648370c5f64d3a679b351,DELETE,regular-file,.next/server/chunks/ssr/[root-of-the-server]__7eb090e0._.js,11865,
dc8f303a239e0bedb972c128f0db4c76b1702ab8,DELETE,regular-file,.next/server/chunks/ssr/[root-of-the-server]__7eb090e0._.js.map,4584,
4054ef6280c7b9106be66622a069aed7fad1b0dd,DELETE,regular-file,.next/server/chunks/ssr/[root-of-the-server]__86e7898f._.js,9803,
2289e5c6f721093bda6b310c76252f57b315b33f,DELETE,regular-file,.next/server/chunks/ssr/[root-of-the-server]__86e7898f._.js.map,19338,
f1383412bf2ab2ab2fb6d213aef65b38a70ed9fa,DELETE,regular-file,.next/server/chunks/ssr/[root-of-the-server]__93159036._.js,31103,
d52d6d99d59eeddc9a3a1cc7e2385ed9d79162c6,DELETE,regular-file,.next/server/chunks/ssr/[root-of-the-server]__93159036._.js.map,17690,
e6a06b75f4ee85eef360e40646979252275ef0c0,DELETE,regular-file,.next/server/chunks/ssr/[root-of-the-server]__98d29459._.js,1801,
c15d7ec00382d3604310ddb8b53cbdb90d9e1942,DELETE,regular-file,.next/server/chunks/ssr/[root-of-the-server]__98d29459._.js.map,53,
c32160f8b9afaa3b03173783a67640026d2aca0a,DELETE,regular-file,.next/server/chunks/ssr/[root-of-the-server]__a1cbfe23._.js,6777,
d36872498957087e7a2347322ff33ac1c1a2200d,DELETE,regular-file,.next/server/chunks/ssr/[root-of-the-server]__a1cbfe23._.js.map,1028,
258c2e08e17c82b19d404c038c8577b4302efd1a,DELETE,regular-file,.next/server/chunks/ssr/[root-of-the-server]__c71b3420._.js,1801,
c15d7ec00382d3604310ddb8b53cbdb90d9e1942,DELETE,regular-file,.next/server/chunks/ssr/[root-of-the-server]__c71b3420._.js.map,53,
314e25ed4a19146cd9e01beb4bc94727af8e8838,DELETE,regular-file,.next/server/chunks/ssr/[root-of-the-server]__fb250061._.js,3247,
c15d7ec00382d3604310ddb8b53cbdb90d9e1942,DELETE,regular-file,.next/server/chunks/ssr/[root-of-the-server]__fb250061._.js.map,53,
6bf94330080251379e0622cb8822bb74597ecb67,DELETE,regular-file,.next/server/chunks/ssr/[turbopack]_browser_dev_hmr-client_hmr-client_ts_1b2255a5._.js,537,
c15d7ec00382d3604310ddb8b53cbdb90d9e1942,DELETE,regular-file,.next/server/chunks/ssr/[turbopack]_browser_dev_hmr-client_hmr-client_ts_1b2255a5._.js.map,53,
6bf94330080251379e0622cb8822bb74597ecb67,DELETE,regular-file,.next/server/chunks/ssr/[turbopack]_browser_dev_hmr-client_hmr-client_ts_3b21ea50._.js,537,
c15d7ec00382d3604310ddb8b53cbdb90d9e1942,DELETE,regular-file,.next/server/chunks/ssr/[turbopack]_browser_dev_hmr-client_hmr-client_ts_3b21ea50._.js.map,53,
6bf94330080251379e0622cb8822bb74597ecb67,DELETE,regular-file,.next/server/chunks/ssr/[turbopack]_browser_dev_hmr-client_hmr-client_ts_464b8ef0._.js,537,
c15d7ec00382d3604310ddb8b53cbdb90d9e1942,DELETE,regular-file,.next/server/chunks/ssr/[turbopack]_browser_dev_hmr-client_hmr-client_ts_464b8ef0._.js.map,53,
6bf94330080251379e0622cb8822bb74597ecb67,DELETE,regular-file,.next/server/chunks/ssr/[turbopack]_browser_dev_hmr-client_hmr-client_ts_49fefd8a._.js,537,
c15d7ec00382d3604310ddb8b53cbdb90d9e1942,DELETE,regular-file,.next/server/chunks/ssr/[turbopack]_browser_dev_hmr-client_hmr-client_ts_49fefd8a._.js.map,53,
b6606962c96050353e2295d8610be29114d04bce,DELETE,regular-file,.next/server/chunks/ssr/[turbopack]_browser_dev_hmr-client_hmr-client_ts_59fa4ecd._.js,15374,
72002aba253278f0dbf70b0434d99a758b950b6b,DELETE,regular-file,.next/server/chunks/ssr/[turbopack]_browser_dev_hmr-client_hmr-client_ts_59fa4ecd._.js.map,26154,
6bf94330080251379e0622cb8822bb74597ecb67,DELETE,regular-file,.next/server/chunks/ssr/[turbopack]_browser_dev_hmr-client_hmr-client_ts_6256314a._.js,537,
c15d7ec00382d3604310ddb8b53cbdb90d9e1942,DELETE,regular-file,.next/server/chunks/ssr/[turbopack]_browser_dev_hmr-client_hmr-client_ts_6256314a._.js.map,53,
6bf94330080251379e0622cb8822bb74597ecb67,DELETE,regular-file,.next/server/chunks/ssr/[turbopack]_browser_dev_hmr-client_hmr-client_ts_bba129ff._.js,537,
c15d7ec00382d3604310ddb8b53cbdb90d9e1942,DELETE,regular-file,.next/server/chunks/ssr/[turbopack]_browser_dev_hmr-client_hmr-client_ts_bba129ff._.js.map,53,
6bf94330080251379e0622cb8822bb74597ecb67,DELETE,regular-file,.next/server/chunks/ssr/[turbopack]_browser_dev_hmr-client_hmr-client_ts_c71b24f8._.js,537,
c15d7ec00382d3604310ddb8b53cbdb90d9e1942,DELETE,regular-file,.next/server/chunks/ssr/[turbopack]_browser_dev_hmr-client_hmr-client_ts_c71b24f8._.js.map,53,
6bf94330080251379e0622cb8822bb74597ecb67,DELETE,regular-file,.next/server/chunks/ssr/[turbopack]_browser_dev_hmr-client_hmr-client_ts_d94970b3._.js,537,
c15d7ec00382d3604310ddb8b53cbdb90d9e1942,DELETE,regular-file,.next/server/chunks/ssr/[turbopack]_browser_dev_hmr-client_hmr-client_ts_d94970b3._.js.map,53,
6bf94330080251379e0622cb8822bb74597ecb67,DELETE,regular-file,.next/server/chunks/ssr/[turbopack]_browser_dev_hmr-client_hmr-client_ts_df9d9c7f._.js,537,
c15d7ec00382d3604310ddb8b53cbdb90d9e1942,DELETE,regular-file,.next/server/chunks/ssr/[turbopack]_browser_dev_hmr-client_hmr-client_ts_df9d9c7f._.js.map,53,
6bf94330080251379e0622cb8822bb74597ecb67,DELETE,regular-file,.next/server/chunks/ssr/[turbopack]_browser_dev_hmr-client_hmr-client_ts_e8c84fc3._.js,537,
c15d7ec00382d3604310ddb8b53cbdb90d9e1942,DELETE,regular-file,.next/server/chunks/ssr/[turbopack]_browser_dev_hmr-client_hmr-client_ts_e8c84fc3._.js.map,53,
5e6c770d603fd2475bad46ad9b112f4b8dad0afa,DELETE,regular-file,.next/server/chunks/ssr/[turbopack]_runtime.js,25442,
cfaaedfbc16e291a6e294f4adc69dfe0671ddad1,DELETE,regular-file,.next/server/chunks/ssr/[turbopack]_runtime.js.map,45475,
a2c95339e1ff0d509d8d6f77e73446d0e347f161,DELETE,regular-file,.next/server/chunks/ssr/_3dbf7b81._.js,1287,
c15d7ec00382d3604310ddb8b53cbdb90d9e1942,DELETE,regular-file,.next/server/chunks/ssr/_3dbf7b81._.js.map,53,
f8600a20aaa7f42772e79c6f7d15195de9185379,DELETE,regular-file,.next/server/chunks/ssr/_412f9106._.js,100106,
3892b94322b0241fcecaacafc84c862baa40f68a,DELETE,regular-file,.next/server/chunks/ssr/_412f9106._.js.map,6094,
bf7175437fbb5b123e4304e7e07720cc514da27c,DELETE,regular-file,.next/server/chunks/ssr/_4160e539._.js,13104,
cad5e1feffccceb253c815dab211d50b295e7005,DELETE,regular-file,.next/server/chunks/ssr/_4160e539._.js.map,6469,
752bc1fd6d99a809d81b2344c07d453e634d9afe,DELETE,regular-file,.next/server/chunks/ssr/_45d5409c._.js,98486,
fa9b6ef994f3438b44ecd6fe07eca1d5ec958cc3,DELETE,regular-file,.next/server/chunks/ssr/_45d5409c._.js.map,7136,
d804bae1361b2480e85cf387da1793c91aebaee5,DELETE,regular-file,.next/server/chunks/ssr/_622b09bd._.js,99744,
3195a29f4fd06a30ad93e07728db7e3c55f20f55,DELETE,regular-file,.next/server/chunks/ssr/_622b09bd._.js.map,7148,
a5bb15b0b35c0cba4a82dbb0a49de4e24b14e304,DELETE,regular-file,.next/server/chunks/ssr/_67cdcffa._.js,101702,
80e427d8e0d232b563c416395b25ece58d1c0814,DELETE,regular-file,.next/server/chunks/ssr/_67cdcffa._.js.map,7242,
6028f53c4b0fe793366d67d690639963689cedec,DELETE,regular-file,.next/server/chunks/ssr/_8306a7ba._.js,101194,
aeb12860d0646def61d4b9d5f28d2482c8496995,DELETE,regular-file,.next/server/chunks/ssr/_8306a7ba._.js.map,7218,
1fcb3416094b384f243ecbd6c17b1e62ab94dbc4,DELETE,regular-file,.next/server/chunks/ssr/_937b6c92._.js,1287,
c15d7ec00382d3604310ddb8b53cbdb90d9e1942,DELETE,regular-file,.next/server/chunks/ssr/_937b6c92._.js.map,53,
7baf176f6275fbd27fe183e490234e7c68ec2548,DELETE,regular-file,.next/server/chunks/ssr/_aa33aa36._.js,101321,
fcf53970c1eb0cf80818d896dcf707e06b959f5f,DELETE,regular-file,.next/server/chunks/ssr/_aa33aa36._.js.map,7224,
713d9e233c63234221137dece6a54b1de1c459a1,DELETE,regular-file,.next/server/chunks/ssr/_c0943301._.js,99617,
6850425e96c1dec439aa2f854e148ad32cd8725e,DELETE,regular-file,.next/server/chunks/ssr/_c0943301._.js.map,7142,
6dd2602abfa2f4281f44983e7955927c066830aa,DELETE,regular-file,.next/server/chunks/ssr/_c9d35ec6._.js,102638,
50cf43352f6a3074b0cdde939ea19ea12ce6da54,DELETE,regular-file,.next/server/chunks/ssr/_c9d35ec6._.js.map,7153,
fd6e88f3d0810e5f65a4f5ff58bec401ce36941b,DELETE,regular-file,.next/server/chunks/ssr/_d6f048d0._.js,99998,
8b4b83dc6c29420f8cf46751818e0c67611d46a4,DELETE,regular-file,.next/server/chunks/ssr/_d6f048d0._.js.map,7160,
9b54e5dc3efc5116db5ef90a74623d9560663baf,DELETE,regular-file,.next/server/chunks/ssr/_db331c6b._.js,1287,
c15d7ec00382d3604310ddb8b53cbdb90d9e1942,DELETE,regular-file,.next/server/chunks/ssr/_db331c6b._.js.map,53,
eac28b1bd9a4c7852d84f5bbc65170ee9f8d0c57,DELETE,regular-file,.next/server/chunks/ssr/_e2cb3154._.js,1287,
c15d7ec00382d3604310ddb8b53cbdb90d9e1942,DELETE,regular-file,.next/server/chunks/ssr/_e2cb3154._.js.map,53,
6501b781863b960bb2f72ae4dc3ac20ec842172f,DELETE,regular-file,.next/server/chunks/ssr/_f4f274d2._.js,1287,
c15d7ec00382d3604310ddb8b53cbdb90d9e1942,DELETE,regular-file,.next/server/chunks/ssr/_f4f274d2._.js.map,53,
76d5e17ef4e40b36f65e8a125e8ea2d252e074d2,DELETE,regular-file,.next/server/chunks/ssr/app_1f3630ef._.js,1004,
fa217061797ce486abfa474bcd71a378756afe8d,DELETE,regular-file,.next/server/chunks/ssr/app_1f3630ef._.js.map,444,
d5ebb637fe08005e30ce0e794cc76ce7bf974850,DELETE,regular-file,.next/server/chunks/ssr/lib_drive_ts_158bf9d5._.js,1872,
020d8b4eb64eef2886528b5518ecac1406e3acab,DELETE,regular-file,.next/server/chunks/ssr/lib_drive_ts_158bf9d5._.js.map,2295,
413f8838c098b9411c4f199e1f1d44fefcfdfec2,DELETE,regular-file,.next/server/chunks/ssr/node_modules_0f236baf._.js,1409,
c15d7ec00382d3604310ddb8b53cbdb90d9e1942,DELETE,regular-file,.next/server/chunks/ssr/node_modules_0f236baf._.js.map,53,
674ce6145a7d8c85000e5166b3fcd81eda365824,DELETE,regular-file,.next/server/chunks/ssr/node_modules_414de0d9._.js,424623,
bb8128d3d213270e39339956b7032918e522bb6d,DELETE,regular-file,.next/server/chunks/ssr/node_modules_414de0d9._.js.map,733808,
413f8838c098b9411c4f199e1f1d44fefcfdfec2,DELETE,regular-file,.next/server/chunks/ssr/node_modules_469591c3._.js,1409,
c15d7ec00382d3604310ddb8b53cbdb90d9e1942,DELETE,regular-file,.next/server/chunks/ssr/node_modules_469591c3._.js.map,53,
406ba475f3cbe7e853e0971a410608afc502be57,DELETE,regular-file,.next/server/chunks/ssr/node_modules_4fa341f6._.js,1077857,
15a73ea96b0f2ee1cf69e4390df90f7c17f81216,DELETE,regular-file,.next/server/chunks/ssr/node_modules_4fa341f6._.js.map,1254603,
413f8838c098b9411c4f199e1f1d44fefcfdfec2,DELETE,regular-file,.next/server/chunks/ssr/node_modules_55351640._.js,1409,
c15d7ec00382d3604310ddb8b53cbdb90d9e1942,DELETE,regular-file,.next/server/chunks/ssr/node_modules_55351640._.js.map,53,
413f8838c098b9411c4f199e1f1d44fefcfdfec2,DELETE,regular-file,.next/server/chunks/ssr/node_modules_6bcdf1f5._.js,1409,
c15d7ec00382d3604310ddb8b53cbdb90d9e1942,DELETE,regular-file,.next/server/chunks/ssr/node_modules_6bcdf1f5._.js.map,53,
9f2016725af6850069e08e677721816ef98f8843,DELETE,regular-file,.next/server/chunks/ssr/node_modules_764d8b1f._.js,493553,
a773815d99a9b93fd6570aba21aa082914c34aa5,DELETE,regular-file,.next/server/chunks/ssr/node_modules_764d8b1f._.js.map,726645,
122c25a199141194ee845e40887a8e657e8de4d3,DELETE,regular-file,.next/server/chunks/ssr/node_modules_81fcbe4d._.js,221023,
616b3b616e2e5f73d94035190677a5190e13d4ed,DELETE,regular-file,.next/server/chunks/ssr/node_modules_81fcbe4d._.js.map,348325,
070ae841ae1cf05b96476b66c76838376e82dd33,DELETE,regular-file,.next/server/chunks/ssr/node_modules_84b1be45._.js,1085138,
97be720843b076f3640d601031a7b49cd48b949c,DELETE,regular-file,.next/server/chunks/ssr/node_modules_84b1be45._.js.map,1261004,
80f4b560979b36193b3123204ac86818abca5f5e,DELETE,regular-file,.next/server/chunks/ssr/node_modules_84bfc1e5._.js,349695,
297c3c6ab8a09878605406f64ba814a1ad12e2d1,DELETE,regular-file,.next/server/chunks/ssr/node_modules_84bfc1e5._.js.map,369005,
413f8838c098b9411c4f199e1f1d44fefcfdfec2,DELETE,regular-file,.next/server/chunks/ssr/node_modules_8d74dead._.js,1409,
c15d7ec00382d3604310ddb8b53cbdb90d9e1942,DELETE,regular-file,.next/server/chunks/ssr/node_modules_8d74dead._.js.map,53,
5ef61c36210413ea7133cd3b66fc516061caddb5,DELETE,regular-file,.next/server/chunks/ssr/node_modules_96715ba7._.js,6035,
7d25364b31ef4b7439250ff80f7f7808ea69afe7,DELETE,regular-file,.next/server/chunks/ssr/node_modules_96715ba7._.js.map,5088,
413f8838c098b9411c4f199e1f1d44fefcfdfec2,DELETE,regular-file,.next/server/chunks/ssr/node_modules_977a275d._.js,1409,
c15d7ec00382d3604310ddb8b53cbdb90d9e1942,DELETE,regular-file,.next/server/chunks/ssr/node_modules_977a275d._.js.map,53,
f7421029f7c226975e7639771dfd147f456d0216,DELETE,regular-file,.next/server/chunks/ssr/node_modules_98788904._.js,1077857,
2cd0d905e8972f7c89e273ef7a1fc80d67894b24,DELETE,regular-file,.next/server/chunks/ssr/node_modules_98788904._.js.map,1254596,
4453b9527b527deb891ffd7d0ed06a8d9b1cd120,DELETE,regular-file,.next/server/chunks/ssr/node_modules_@firebase_auth_dist_node-esm_245c49e4._.js,347786,
a01698e61e26e751bbc4bcd00d3950adcbe5a8e7,DELETE,regular-file,.next/server/chunks/ssr/node_modules_@firebase_auth_dist_node-esm_245c49e4._.js.map,573275,
63ee78f2214688e6ec58fec820176e9d2584cee5,DELETE,regular-file,.next/server/chunks/ssr/node_modules_@firebase_auth_dist_node-esm_3950e903._.js,348561,
a01698e61e26e751bbc4bcd00d3950adcbe5a8e7,DELETE,regular-file,.next/server/chunks/ssr/node_modules_@firebase_auth_dist_node-esm_3950e903._.js.map,573275,
1a18c1e9cf428b2fc7e99bf227d4cafc68a66d28,DELETE,regular-file,.next/server/chunks/ssr/node_modules_@firebase_auth_dist_node-esm_9c108a1c._.js,347736,
a01698e61e26e751bbc4bcd00d3950adcbe5a8e7,DELETE,regular-file,.next/server/chunks/ssr/node_modules_@firebase_auth_dist_node-esm_9c108a1c._.js.map,573275,
18660cce2a6050eb31c18a49e858ef56ddcdbd27,DELETE,regular-file,.next/server/chunks/ssr/node_modules_@firebase_firestore_dist_index_node_mjs_e50549ea._.js,1360110,
597ea45f64767d8bdbfc8243722f19fe9c87e012,DELETE,regular-file,.next/server/chunks/ssr/node_modules_@firebase_firestore_dist_index_node_mjs_e50549ea._.js.map,2423611,
b35ca104e175ef05338177dcbbd3c15b2c1a49c5,DELETE,regular-file,.next/server/chunks/ssr/node_modules_@firebase_storage_dist_node-esm_index_node_esm_7c90b52b.js,137469,
430a126d0c4bab96335592268fdda5e4b371745b,DELETE,regular-file,.next/server/chunks/ssr/node_modules_@firebase_storage_dist_node-esm_index_node_esm_7c90b52b.js.map,250576,
6940c358e4abe7db33e4bbaba737d46bef807499,DELETE,regular-file,.next/server/chunks/ssr/node_modules_@grpc_grpc-js_cd2a3c10._.js,536399,
7e36f2623159a4da772f6970edb136ed4661ff6e,DELETE,regular-file,.next/server/chunks/ssr/node_modules_@grpc_grpc-js_cd2a3c10._.js.map,355917,
6e2ac87a9804b7dde57968949cd4f92a70a85937,DELETE,regular-file,.next/server/chunks/ssr/node_modules_ace65797._.js,426030,
00d5e97b493a26598bda1bfa810e01e41f72276f,DELETE,regular-file,.next/server/chunks/ssr/node_modules_ace65797._.js.map,733947,
413f8838c098b9411c4f199e1f1d44fefcfdfec2,DELETE,regular-file,.next/server/chunks/ssr/node_modules_b88cdae3._.js,1409,
c15d7ec00382d3604310ddb8b53cbdb90d9e1942,DELETE,regular-file,.next/server/chunks/ssr/node_modules_b88cdae3._.js.map,53,
413f8838c098b9411c4f199e1f1d44fefcfdfec2,DELETE,regular-file,.next/server/chunks/ssr/node_modules_ba95c791._.js,1409,
c15d7ec00382d3604310ddb8b53cbdb90d9e1942,DELETE,regular-file,.next/server/chunks/ssr/node_modules_ba95c791._.js.map,53,
9410eee5c15da230434a903e301a9d6abf38967c,DELETE,regular-file,.next/server/chunks/ssr/node_modules_bf671b14._.js,182371,
14912dcc1504976b29162a832877064bc5246b67,DELETE,regular-file,.next/server/chunks/ssr/node_modules_bf671b14._.js.map,237498,
413f8838c098b9411c4f199e1f1d44fefcfdfec2,DELETE,regular-file,.next/server/chunks/ssr/node_modules_d66b822e._.js,1409,
c15d7ec00382d3604310ddb8b53cbdb90d9e1942,DELETE,regular-file,.next/server/chunks/ssr/node_modules_d66b822e._.js.map,53,
d1ec81dc98635d64173c89ffcfbd7404ba9d19c2,DELETE,regular-file,.next/server/chunks/ssr/node_modules_d9c5437f._.js,1142332,
2c41724bfae6992a6da71d153977e53f4828fbb7,DELETE,regular-file,.next/server/chunks/ssr/node_modules_d9c5437f._.js.map,1349205,
d5c3679b3c7b11ad452e6b9f2961b436141e9eb2,DELETE,regular-file,.next/server/chunks/ssr/node_modules_dompurify_dist_purify_es_mjs_76c75b60._.js,69604,
5937def6eb1739de4b92ad98d3765659274371b6,DELETE,regular-file,.next/server/chunks/ssr/node_modules_dompurify_dist_purify_es_mjs_76c75b60._.js.map,132419,
f481d28222e91294e0ce739891305b307aba8059,DELETE,regular-file,.next/server/chunks/ssr/node_modules_e9a87637._.js,33751,
2d1df51ff2ec262e54e412b9236eba8428ae055f,DELETE,regular-file,.next/server/chunks/ssr/node_modules_e9a87637._.js.map,43262,
413f8838c098b9411c4f199e1f1d44fefcfdfec2,DELETE,regular-file,.next/server/chunks/ssr/node_modules_ec46e5b3._.js,1409,
c15d7ec00382d3604310ddb8b53cbdb90d9e1942,DELETE,regular-file,.next/server/chunks/ssr/node_modules_ec46e5b3._.js.map,53,
0fce93ed0e5804c8658929acc5c5d80eb0d1f903,DELETE,regular-file,.next/server/chunks/ssr/node_modules_fflate_esm_index_mjs_1cd3b76a._.js,87145,
2bea8054c0d0f00aac6ef067fe3d6519116d7183,DELETE,regular-file,.next/server/chunks/ssr/node_modules_fflate_esm_index_mjs_1cd3b76a._.js.map,159832,
b7a338ba5e8a2dd86d9c1de1da3589493fd88477,DELETE,regular-file,.next/server/chunks/ssr/node_modules_html2canvas_dist_html2canvas_esm_b1a14c17.js,424639,
a0d23188503e2bd93374b82586d4fead12f8606c,DELETE,regular-file,.next/server/chunks/ssr/node_modules_html2canvas_dist_html2canvas_esm_b1a14c17.js.map,782068,
cc50750e7933c87c31fef77be91bb19923cc0eeb,DELETE,regular-file,.next/server/chunks/ssr/node_modules_html2pdf_js_dist_html2pdf_d00cdf16.js,287312,
a5ca18fca45ae7f010e7d8ca48d572398a104588,DELETE,regular-file,.next/server/chunks/ssr/node_modules_html2pdf_js_dist_html2pdf_d00cdf16.js.map,345432,
f0658217f504fa522374ed4d1826f52f535cd4f1,DELETE,regular-file,.next/server/chunks/ssr/node_modules_jspdf_dist_jspdf_es_min_7b78882d.js,683490,
05bed6ea531afd9544851cc6744e228bbe2f8c82,DELETE,regular-file,.next/server/chunks/ssr/node_modules_jspdf_dist_jspdf_es_min_7b78882d.js.map,2866389,
c520a83e50c00969b56e6dec07e262ab97405abe,DELETE,regular-file,.next/server/chunks/ssr/node_modules_next_9babd674._.js,2375,
063fe52253d26487f928d73ac5cd6262b99f801c,DELETE,regular-file,.next/server/chunks/ssr/node_modules_next_9babd674._.js.map,2427,
9ec62accddb27d15b499d432e64d48a0791cacd3,DELETE,regular-file,.next/server/chunks/ssr/node_modules_next_dist_0962b827._.js,915374,
aa270c326d669bb8188d2a294408d0dcf6540c37,DELETE,regular-file,.next/server/chunks/ssr/node_modules_next_dist_0962b827._.js.map,1158882,
7463f2c2f01ab5dd3ac32bcc275a4b0b4edd09f3,DELETE,regular-file,.next/server/chunks/ssr/node_modules_next_dist_client_components_forbidden-error_ea7ea172.js,1448,
08ec2498a2d1adb70415982d43cb47db172377fe,DELETE,regular-file,.next/server/chunks/ssr/node_modules_next_dist_client_components_forbidden-error_ea7ea172.js.map,769,
d943963dd7d25cd299a55f710569118f522d7544,DELETE,regular-file,.next/server/chunks/ssr/node_modules_next_dist_client_components_unauthorized-error_c8949b27.js,1473,
c8c1a770590b692ea44817a508922ac9540abcbf,DELETE,regular-file,.next/server/chunks/ssr/node_modules_next_dist_client_components_unauthorized-error_c8949b27.js.map,788,
41ad866626c8719e81e6e6ab46b3f8b6af603900,DELETE,regular-file,.next/server/chunks/ssr/node_modules_protobufjs_75a0be44._.js,311928,
ba6bdb460fe6b3ee9cfe9efe72b4c86bd13c63bb,DELETE,regular-file,.next/server/chunks/ssr/node_modules_protobufjs_75a0be44._.js.map,449512,
24f77ba74f79609fc4cf4cc495a629f822a5fd0d,DELETE,regular-file,.next/server/interception-route-rewrite-manifest.js,48,
43db83603ff7b43208db784f0eb118ede52e1488,DELETE,regular-file,.next/server/middleware-build-manifest.js,879,
eb7130b9e849d22c5f4ef5335628e9c5644a5876,DELETE,regular-file,.next/server/middleware-manifest.json,83,
dcd069771d37c6d41e0a265045854ddcf8f7f97f,DELETE,regular-file,.next/server/next-font-manifest.js,135,
7b7649c11478c17d6f13cc3f94d5527a14f83ce3,DELETE,regular-file,.next/server/next-font-manifest.json,94,
9e26dfeeb6e641a33dae4961196235bdb965b21b,DELETE,regular-file,.next/server/pages-manifest.json,2,
5715c98a23d2fa38bc0d6011d8970265782a655f,DELETE,regular-file,.next/server/pages/_app.js,446,
c15d7ec00382d3604310ddb8b53cbdb90d9e1942,DELETE,regular-file,.next/server/pages/_app.js.map,53,
1fe0cae57ae5d92ef68433c730724768f1c250e8,DELETE,regular-file,.next/server/pages/_app/build-manifest.json,498,
e0cc4007554c31e6bd1e2b5da52f6728e85faa1a,DELETE,regular-file,.next/server/pages/_app/next-font-manifest.json,94,
58b4574934a2da60afcd376f773a53aa010cdc91,DELETE,regular-file,.next/server/pages/_app/pages-manifest.json,30,
9e26dfeeb6e641a33dae4961196235bdb965b21b,DELETE,regular-file,.next/server/pages/_app/react-loadable-manifest.json,2,
b8f3a6757acf710474d59e556fa7572980ad0aa8,DELETE,regular-file,.next/server/pages/_document.js,508,
c15d7ec00382d3604310ddb8b53cbdb90d9e1942,DELETE,regular-file,.next/server/pages/_document.js.map,53,
e0cc4007554c31e6bd1e2b5da52f6728e85faa1a,DELETE,regular-file,.next/server/pages/_document/next-font-manifest.json,94,
c5a0e31f1d60ad2f33a1cbc9fbdadf9e8561363e,DELETE,regular-file,.next/server/pages/_document/pages-manifest.json,40,
9e26dfeeb6e641a33dae4961196235bdb965b21b,DELETE,regular-file,.next/server/pages/_document/react-loadable-manifest.json,2,
6d2b47e74a0a9d28fd15f8dd44a8b116cb60e0de,DELETE,regular-file,.next/server/pages/_error.js,1152,
c15d7ec00382d3604310ddb8b53cbdb90d9e1942,DELETE,regular-file,.next/server/pages/_error.js.map,53,
16b08e3efb425c1a3d53f0dda9e338821d5bb90b,DELETE,regular-file,.next/server/pages/_error/build-manifest.json,504,
e0cc4007554c31e6bd1e2b5da52f6728e85faa1a,DELETE,regular-file,.next/server/pages/_error/next-font-manifest.json,94,
bec88816de6501e1e5b2628f69fe90285037ad7c,DELETE,regular-file,.next/server/pages/_error/pages-manifest.json,34,
9e26dfeeb6e641a33dae4961196235bdb965b21b,DELETE,regular-file,.next/server/pages/_error/react-loadable-manifest.json,2,
dbb865f6d7c7a10b5349d35f29424036ac9d016e,DELETE,regular-file,.next/server/server-reference-manifest.js,138,
80f1a4834980a8ea64777c2a21a31403fcec6dc2,DELETE,regular-file,.next/server/server-reference-manifest.json,97,
120f85406a54f178a6a078bdb62083148cf1ba98,DELETE,regular-file,.next/static/chunks/[root-of-the-server]__49fd8634._.js,15759,
72002aba253278f0dbf70b0434d99a758b950b6b,DELETE,regular-file,.next/static/chunks/[root-of-the-server]__49fd8634._.js.map,26154,
18d976e03f6f4a641e45c93874801df79af57b89,DELETE,regular-file,.next/static/chunks/[root-of-the-server]__8df7605f._.js,1062126,
c4194bfda18580dfa1e3a5989a6ef34cfb130988,DELETE,regular-file,.next/static/chunks/[root-of-the-server]__8df7605f._.js.map,1234696,
a2f5e269edc6f618fd73aaa6026a1daaf4cf0fe5,DELETE,regular-file,.next/static/chunks/[root-of-the-server]__923cb372._.js,15763,
72002aba253278f0dbf70b0434d99a758b950b6b,DELETE,regular-file,.next/static/chunks/[root-of-the-server]__923cb372._.js.map,26154,
6ba07d9ecfec0cefb78a50ab07ffd55000dce044,DELETE,regular-file,.next/static/chunks/[root-of-the-server]__e2c08166._.js,1041174,
5e8eb6e5c5a28b01a57a77da42be5ec90a6f3797,DELETE,regular-file,.next/static/chunks/[root-of-the-server]__e2c08166._.js.map,1204004,
1b2e41fc2bada25725c990b72ed52a58373be206,DELETE,regular-file,.next/static/chunks/[turbopack]_browser_dev_hmr-client_hmr-client_ts_61dcf9ba._.js,15486,
72002aba253278f0dbf70b0434d99a758b950b6b,DELETE,regular-file,.next/static/chunks/[turbopack]_browser_dev_hmr-client_hmr-client_ts_61dcf9ba._.js.map,26154,
97f6b987767fd664f38fb607ae80d959b985c33f,DELETE,regular-file,.next/static/chunks/[turbopack]_browser_dev_hmr-client_hmr-client_ts_66796270._.js,286,
36eee5e30aeef3855170f14b5ab04fbfef021dd2,DELETE,regular-file,.next/static/chunks/[turbopack]_browser_dev_hmr-client_hmr-client_ts_fd44f5a4._.js,730,
c15d7ec00382d3604310ddb8b53cbdb90d9e1942,DELETE,regular-file,.next/static/chunks/[turbopack]_browser_dev_hmr-client_hmr-client_ts_fd44f5a4._.js.map,53,
3fd3befe937f88ea95685ba06cad98fab0c0afc5,DELETE,regular-file,.next/static/chunks/_2a7a545e._.js,1419,
c15d7ec00382d3604310ddb8b53cbdb90d9e1942,DELETE,regular-file,.next/static/chunks/_2a7a545e._.js.map,53,
9b043fc62a4e944dfa437a7d7401e5004dd99fad,DELETE,regular-file,.next/static/chunks/_2f832ee7._.js,1419,
c15d7ec00382d3604310ddb8b53cbdb90d9e1942,DELETE,regular-file,.next/static/chunks/_2f832ee7._.js.map,53,
8693b80cb8d5c59536875d9f5f918ce7df3c51e1,DELETE,regular-file,.next/static/chunks/_3e54af35._.js,1419,
c15d7ec00382d3604310ddb8b53cbdb90d9e1942,DELETE,regular-file,.next/static/chunks/_3e54af35._.js.map,53,
47b13665b3462c63e7e41f5822df977f80b47f99,DELETE,regular-file,.next/static/chunks/_452a7da8._.js,12659,
3599167be052646b6dbc784f307798388e9e9bcd,DELETE,regular-file,.next/static/chunks/_452a7da8._.js.map,7660,
2b43dd6dad58c97861834c71a415372b319088ad,DELETE,regular-file,.next/static/chunks/_608f71aa._.js,75390,
95b32f9fcfe1ecf1160621586948046cbf0de72f,DELETE,regular-file,.next/static/chunks/_608f71aa._.js.map,88925,
97e1af0dba92ac687477d3f05545d8434259c847,DELETE,regular-file,.next/static/chunks/_6d633fe2._.js,1419,
c15d7ec00382d3604310ddb8b53cbdb90d9e1942,DELETE,regular-file,.next/static/chunks/_6d633fe2._.js.map,53,
a6b26963adfae1a7d5ee0b3a546adbdf5beb1d69,DELETE,regular-file,.next/static/chunks/_72d5a34e._.js,49545,
d550474cc87e8268ba93f20ae35becc51ebdc7ea,DELETE,regular-file,.next/static/chunks/_72d5a34e._.js.map,69135,
fedfe0f37f8695b5d58e404deb7a140c87aabd59,DELETE,regular-file,.next/static/chunks/_7bf7a4e9._.js,1419,
c15d7ec00382d3604310ddb8b53cbdb90d9e1942,DELETE,regular-file,.next/static/chunks/_7bf7a4e9._.js.map,53,
90691ea1b888d71b353b80e196c248d93c6536fd,DELETE,regular-file,.next/static/chunks/_89988dc2._.js,169995,
14f456955e77b26d82fc6497bad13cd51f417bf0,DELETE,regular-file,.next/static/chunks/_89988dc2._.js.map,157724,
c14cd0c26481f070822d18d4b783dd06f995049b,DELETE,regular-file,.next/static/chunks/_93808211._.js,66714,
4fce2364f12e629770136fc1b4bd0faad9aaee26,DELETE,regular-file,.next/static/chunks/_93808211._.js.map,108301,
4ea34d398e952a9dddee7391ce20539d27592eb6,DELETE,regular-file,.next/static/chunks/_9a200f10._.js,1419,
c15d7ec00382d3604310ddb8b53cbdb90d9e1942,DELETE,regular-file,.next/static/chunks/_9a200f10._.js.map,53,
076c75ff75d19ee55c19896bdec13f5f236f0ec6,DELETE,regular-file,.next/static/chunks/_abb5b686._.js,70131,
a20e364e373304004e24eb2628c65b69db516dad,DELETE,regular-file,.next/static/chunks/_abb5b686._.js.map,28102,
f76d97ae649bfb04bcb2d64edae3f31a9188ffb8,DELETE,regular-file,.next/static/chunks/_c319fbca._.js,1419,
c15d7ec00382d3604310ddb8b53cbdb90d9e1942,DELETE,regular-file,.next/static/chunks/_c319fbca._.js.map,53,
1cf0b94961d8390ebd064244b74f496d8533c38f,DELETE,regular-file,.next/static/chunks/_d588e066._.js,49013,
2a5f904eb140e29c55af2a4744ddc2ec4d6dbc0d,DELETE,regular-file,.next/static/chunks/_d588e066._.js.map,69444,
bd8f43c47b647754ab164b8c8dea27f4c53b7585,DELETE,regular-file,.next/static/chunks/_dfe6fa65._.js,95923,
30be864db1b9ae8815a3ce627bb6523cce18d3f6,DELETE,regular-file,.next/static/chunks/_dfe6fa65._.js.map,83653,
7202a01dd2462525c45f4891947ffde03ba3c47c,DELETE,regular-file,.next/static/chunks/_e0f26900._.js,1419,
c15d7ec00382d3604310ddb8b53cbdb90d9e1942,DELETE,regular-file,.next/static/chunks/_e0f26900._.js.map,53,
3a998f7bc5d799ebe454d8fbcd4c852b85d0fb6c,DELETE,regular-file,.next/static/chunks/_e69f0d32._.js,531,
2110a82bf63410b53aa024fa61413bbf97801a09,DELETE,regular-file,.next/static/chunks/_fb6adae4._.js,95954,
99f3d355df170aa9c48e194c8adcd32c2e9ca448,DELETE,regular-file,.next/static/chunks/_fb6adae4._.js.map,85211,
a256b0a42376071eef79f8a8aceb8522ce598a4b,DELETE,regular-file,.next/static/chunks/app_f9d7f7ec._.js,15279,
727cd074758d9fa3a16f0d91b7c3c2c7b179cd20,DELETE,regular-file,.next/static/chunks/app_f9d7f7ec._.js.map,5851,
1584b9322161965a3f87e755dd3ed044c386f19c,DELETE,regular-file,.next/static/chunks/app_favicon_ico_mjs_659ce808._.js,260,
d11fe9e93a4d97edabcd1671dca8f8cfaf4fd37b,DELETE,regular-file,.next/static/chunks/app_globals_73c37791.css,6857,
6ee4744795d21957360a3a47999de395e346346c,DELETE,regular-file,.next/static/chunks/app_globals_73c37791.css.map,8153,
ce038d2fe3c16ecc9ea310648dee133d5c12e089,DELETE,regular-file,.next/static/chunks/app_layout_tsx_c0237562._.js,569,
520c3ca9af34d76b6f7bdf59650bcb5fb55d049e,DELETE,regular-file,.next/static/chunks/app_login_page_tsx_0b583df7._.js,238,
5c247b0fe2c9b9d55660e9560d3e5e8ffe23daca,DELETE,regular-file,.next/static/chunks/app_models_create_page_tsx_64e0acc1._.js,238,
879e33fbb895b24b5f0fd4849f5dc9e0849542b0,DELETE,regular-file,.next/static/chunks/app_page_tsx_0208333b._.js,238,
879e33fbb895b24b5f0fd4849f5dc9e0849542b0,DELETE,regular-file,.next/static/chunks/app_page_tsx_0b583df7._.js,238,
879e33fbb895b24b5f0fd4849f5dc9e0849542b0,DELETE,regular-file,.next/static/chunks/app_page_tsx_64e0acc1._.js,238,
879e33fbb895b24b5f0fd4849f5dc9e0849542b0,DELETE,regular-file,.next/static/chunks/app_page_tsx_862e1791._.js,238,
834d41d3abf33e1d5ea11493e18745560ef80f09,DELETE,regular-file,.next/static/chunks/app_plan_history_page_tsx_0208333b._.js,238,
834d41d3abf33e1d5ea11493e18745560ef80f09,DELETE,regular-file,.next/static/chunks/app_plan_history_page_tsx_0b583df7._.js,238,
834d41d3abf33e1d5ea11493e18745560ef80f09,DELETE,regular-file,.next/static/chunks/app_plan_history_page_tsx_64e0acc1._.js,238,
834d41d3abf33e1d5ea11493e18745560ef80f09,DELETE,regular-file,.next/static/chunks/app_plan_history_page_tsx_862e1791._.js,238,
919aa9d09e51f7ceb9220efa402f11f179504263,DELETE,regular-file,.next/static/chunks/app_plan_page_tsx_0208333b._.js,308,
225c4788037ac6e55c5198bddb5d993873680b8d,DELETE,regular-file,.next/static/chunks/app_plan_page_tsx_64e0acc1._.js,308,
5f06aa09b07e47bc3d532dbbda4b963ecc184a02,DELETE,regular-file,.next/static/chunks/app_practice_add_[id]_page_tsx_0208333b._.js,272,
cd086d32c6addde23ac0c442545e93dd6200a9f1,DELETE,regular-file,.next/static/chunks/app_practice_add_[id]_page_tsx_0b583df7._.js,272,
d17fa6f41adc7a6f2329aa3d9afa11e98c10caad,DELETE,regular-file,.next/static/chunks/app_practice_add_[id]_page_tsx_64e0acc1._.js,348,
f29c41b62c4ed9dffe59762304f19ed026c44d19,DELETE,regular-file,.next/static/chunks/app_practice_add_[id]_page_tsx_862e1791._.js,348,
6e0df090e9d68a76fd35f928ca7571ea34afe30c,DELETE,regular-file,.next/static/chunks/app_practice_add_[id]_page_tsx_ba3e8fa5._.js,69127,
4140457de1fef63148ea81fa6b697b565902aa55,DELETE,regular-file,.next/static/chunks/app_practice_add_[id]_page_tsx_ba3e8fa5._.js.map,26585,
9895f8ad0b57f94cfa3187e1cb45c53c60c8f1a2,DELETE,regular-file,.next/static/chunks/app_practice_history_page_tsx_0208333b._.js,272,
4f3b8f74492aeaa503a6cfb3501717bebb64066c,DELETE,regular-file,.next/static/chunks/app_practice_history_page_tsx_64e0acc1._.js,272,
aa2bf536310511a6c4d9f67c6868f73fb6fee4dc,DELETE,regular-file,.next/static/chunks/app_practice_history_page_tsx_862e1791._.js,272,
4aaf81adfeee0e6ed42b8a8599ed99b291994e5e,DELETE,regular-file,.next/static/chunks/app_welcome_page_tsx_0b583df7._.js,238,
824609b85959813eec8897334d5c3dc759c0cf2c,DELETE,regular-file,.next/static/chunks/lib_drive_ts_33c32838._.js,250,
824609b85959813eec8897334d5c3dc759c0cf2c,DELETE,regular-file,.next/static/chunks/lib_drive_ts_35fb33f4._.js,250,
824609b85959813eec8897334d5c3dc759c0cf2c,DELETE,regular-file,.next/static/chunks/lib_drive_ts_6ba8c218._.js,250,
80193f8d972f95c3d1fb350779aa859229a1abe3,DELETE,regular-file,.next/static/chunks/lib_drive_ts_8449a310._.js,2208,
23f691115ae9337966f273bd029e97f094be7b46,DELETE,regular-file,.next/static/chunks/lib_drive_ts_8449a310._.js.map,2295,
824609b85959813eec8897334d5c3dc759c0cf2c,DELETE,regular-file,.next/static/chunks/lib_drive_ts_9aa33e6a._.js,250,
824609b85959813eec8897334d5c3dc759c0cf2c,DELETE,regular-file,.next/static/chunks/lib_drive_ts_a7242547._.js,250,
824609b85959813eec8897334d5c3dc759c0cf2c,DELETE,regular-file,.next/static/chunks/lib_drive_ts_b575255f._.js,250,
824609b85959813eec8897334d5c3dc759c0cf2c,DELETE,regular-file,.next/static/chunks/lib_drive_ts_c41af4a0._.js,250,
824609b85959813eec8897334d5c3dc759c0cf2c,DELETE,regular-file,.next/static/chunks/lib_drive_ts_ecb5a699._.js,250,
073221ee363e897a7eb885d8feb8f45bccfaf72c,DELETE,regular-file,.next/static/chunks/node_modules_013ee5f7._.js,1658,
c15d7ec00382d3604310ddb8b53cbdb90d9e1942,DELETE,regular-file,.next/static/chunks/node_modules_013ee5f7._.js.map,53,
fa1eb4061a45eadde4281f1f936bba628389bf86,DELETE,regular-file,.next/static/chunks/node_modules_1b674287._.js,86966,
43e75d8e6cf0141af096342176ee167d8723dff1,DELETE,regular-file,.next/static/chunks/node_modules_1b674287._.js.map,159814,
022f569cda07163725c83c3cd1760a0a9b90d422,DELETE,regular-file,.next/static/chunks/node_modules_35fd7e4b._.js,137961,
06fdad6bcbfb5bee65c4295a474620422aeca724,DELETE,regular-file,.next/static/chunks/node_modules_35fd7e4b._.js.map,249165,
5329ff188f02eac0445ddac8103ac9f9949403f0,DELETE,regular-file,.next/static/chunks/node_modules_36e249e2._.js,1658,
c15d7ec00382d3604310ddb8b53cbdb90d9e1942,DELETE,regular-file,.next/static/chunks/node_modules_36e249e2._.js.map,53,
2e17156c256d1f80a0be24987958783033c6ce5c,DELETE,regular-file,.next/static/chunks/node_modules_38219b6c._.js,1658,
c15d7ec00382d3604310ddb8b53cbdb90d9e1942,DELETE,regular-file,.next/static/chunks/node_modules_38219b6c._.js.map,53,
d8590efc64914f177c10633ec0d5dc1a703ac860,DELETE,regular-file,.next/static/chunks/node_modules_465a7b38._.js,452189,
8bde43887b1b8dbe8ed31994d1de7d29a1d41c87,DELETE,regular-file,.next/static/chunks/node_modules_465a7b38._.js.map,792609,
f7e120ff7677ecc39cbcd5b9d5a5b23a768fff9a,DELETE,regular-file,.next/static/chunks/node_modules_48f458ff._.js,1658,
c15d7ec00382d3604310ddb8b53cbdb90d9e1942,DELETE,regular-file,.next/static/chunks/node_modules_48f458ff._.js.map,53,
ce3b66e83ab7263b2d7d67a6f3911102a0cf5c81,DELETE,regular-file,.next/static/chunks/node_modules_75868f4c._.js,1658,
c15d7ec00382d3604310ddb8b53cbdb90d9e1942,DELETE,regular-file,.next/static/chunks/node_modules_75868f4c._.js.map,53,
8d6219e5a17bdbfef416a08655c71c3e4b9125cc,DELETE,regular-file,.next/static/chunks/node_modules_8e84a5ec._.js,1658,
c15d7ec00382d3604310ddb8b53cbdb90d9e1942,DELETE,regular-file,.next/static/chunks/node_modules_8e84a5ec._.js.map,53,
fddd63408dd4e5036c7a3b8c57f0384129269d75,DELETE,regular-file,.next/static/chunks/node_modules_9cb6a9bd._.js,502051,
77597ee0fff37ab91d9d649e83019eb02f0ff466,DELETE,regular-file,.next/static/chunks/node_modules_9cb6a9bd._.js.map,730765,
a126476b2e378366c1ad38824326f83d7b2c698f,DELETE,regular-file,.next/static/chunks/node_modules_@firebase_auth_dist_esm2017_05acf646._.js,494553,
ca77084006cfaa9eb867e706acf8f91fd668531d,DELETE,regular-file,.next/static/chunks/node_modules_@firebase_auth_dist_esm2017_05acf646._.js.map,820575,
41bc09a00af3747688548d006083eab36236adf8,DELETE,regular-file,.next/static/chunks/node_modules_@firebase_auth_dist_esm2017_6af42da7._.js,495384,
ca77084006cfaa9eb867e706acf8f91fd668531d,DELETE,regular-file,.next/static/chunks/node_modules_@firebase_auth_dist_esm2017_6af42da7._.js.map,820575,
42f8965b7c7547730813dbe010c9a6e0555dbd7a,DELETE,regular-file,.next/static/chunks/node_modules_@firebase_auth_dist_esm2017_933db7a9._.js,494603,
ca77084006cfaa9eb867e706acf8f91fd668531d,DELETE,regular-file,.next/static/chunks/node_modules_@firebase_auth_dist_esm2017_933db7a9._.js.map,820575,
34c89cfeae3ead0476ac8fed49a0bbde05d9f6d6,DELETE,regular-file,.next/static/chunks/node_modules_@firebase_firestore_dist_index_esm2017_c2fcaa2e.js,970425,
5a8026768be4a5b09ef5eeb04676b0b7cb47bb53,DELETE,regular-file,.next/static/chunks/node_modules_@firebase_firestore_dist_index_esm2017_c2fcaa2e.js.map,2553918,
83033efe1df1e35cfd43a3b379b0b14e838411e4,DELETE,regular-file,.next/static/chunks/node_modules_@firebase_storage_dist_index_esm2017_b3a08d2a.js,136261,
9186394804801e5e2a9eca1b5eca824ca50ee620,DELETE,regular-file,.next/static/chunks/node_modules_@firebase_storage_dist_index_esm2017_b3a08d2a.js.map,248701,
a366a6abe16eb836c29c96c0d34f3b365df81c1c,DELETE,regular-file,.next/static/chunks/node_modules_@swc_helpers_cjs_00636ac3._.js,3455,
f4dfd9fe41d3c5dd4ef033a9948d41b7a8a0c16d,DELETE,regular-file,.next/static/chunks/node_modules_@swc_helpers_cjs_00636ac3._.js.map,4987,
41b8ae608b8ae088fad3d4ef0f5cf551e7ab326d,DELETE,regular-file,.next/static/chunks/node_modules_a51498a5._.js,71501,
9606b39e35dcfe93bd0944fa199c7691ef89fd62,DELETE,regular-file,.next/static/chunks/node_modules_a51498a5._.js.map,110926,
398864be6b88f986ce449fa8252bdaa6652011ae,DELETE,regular-file,.next/static/chunks/node_modules_ac8a44c5._.js,1658,
c15d7ec00382d3604310ddb8b53cbdb90d9e1942,DELETE,regular-file,.next/static/chunks/node_modules_ac8a44c5._.js.map,53,
b8dbf552d9953adcaf5a1cc6e546da7b89710760,DELETE,regular-file,.next/static/chunks/node_modules_b46c0501._.js,1658,
c15d7ec00382d3604310ddb8b53cbdb90d9e1942,DELETE,regular-file,.next/static/chunks/node_modules_b46c0501._.js.map,53,
4091b1c328f7eb0b194e8547ab3b2afe9cb68f24,DELETE,regular-file,.next/static/chunks/node_modules_canvg_lib_index_es_15a8e247.js,250,
4091b1c328f7eb0b194e8547ab3b2afe9cb68f24,DELETE,regular-file,.next/static/chunks/node_modules_canvg_lib_index_es_192ace3b.js,250,
4091b1c328f7eb0b194e8547ab3b2afe9cb68f24,DELETE,regular-file,.next/static/chunks/node_modules_canvg_lib_index_es_1d4730f2.js,250,
4091b1c328f7eb0b194e8547ab3b2afe9cb68f24,DELETE,regular-file,.next/static/chunks/node_modules_canvg_lib_index_es_1fe9ead5.js,250,
4091b1c328f7eb0b194e8547ab3b2afe9cb68f24,DELETE,regular-file,.next/static/chunks/node_modules_canvg_lib_index_es_4779b514.js,250,
4091b1c328f7eb0b194e8547ab3b2afe9cb68f24,DELETE,regular-file,.next/static/chunks/node_modules_canvg_lib_index_es_5d6248d9.js,250,
4091b1c328f7eb0b194e8547ab3b2afe9cb68f24,DELETE,regular-file,.next/static/chunks/node_modules_canvg_lib_index_es_610a4ceb.js,250,
4091b1c328f7eb0b194e8547ab3b2afe9cb68f24,DELETE,regular-file,.next/static/chunks/node_modules_canvg_lib_index_es_6b8c6e32.js,250,
4091b1c328f7eb0b194e8547ab3b2afe9cb68f24,DELETE,regular-file,.next/static/chunks/node_modules_canvg_lib_index_es_94da0927.js,250,
4091b1c328f7eb0b194e8547ab3b2afe9cb68f24,DELETE,regular-file,.next/static/chunks/node_modules_canvg_lib_index_es_df238eac.js,250,
64277cc3ba55230dc9b3e681344cbc788050af7b,DELETE,regular-file,.next/static/chunks/node_modules_d2e68a23._.js,1658,
c15d7ec00382d3604310ddb8b53cbdb90d9e1942,DELETE,regular-file,.next/static/chunks/node_modules_d2e68a23._.js.map,53,
930f3747e442c33fbf322a66cc29785faa1612ca,DELETE,regular-file,.next/static/chunks/node_modules_de08028a._.js,1658,
c15d7ec00382d3604310ddb8b53cbdb90d9e1942,DELETE,regular-file,.next/static/chunks/node_modules_de08028a._.js.map,53,
2add7d8127ce48498de596b82965ed9be91331c3,DELETE,regular-file,.next/static/chunks/node_modules_dompurify_dist_purify_es_mjs_15a8e247._.js,279,
2add7d8127ce48498de596b82965ed9be91331c3,DELETE,regular-file,.next/static/chunks/node_modules_dompurify_dist_purify_es_mjs_192ace3b._.js,279,
2add7d8127ce48498de596b82965ed9be91331c3,DELETE,regular-file,.next/static/chunks/node_modules_dompurify_dist_purify_es_mjs_1d4730f2._.js,279,
2add7d8127ce48498de596b82965ed9be91331c3,DELETE,regular-file,.next/static/chunks/node_modules_dompurify_dist_purify_es_mjs_1fe9ead5._.js,279,
afeda4387c8ce73f6aeb2d1a3eb16850a74958cb,DELETE,regular-file,.next/static/chunks/node_modules_dompurify_dist_purify_es_mjs_39224456._.js,69716,
5937def6eb1739de4b92ad98d3765659274371b6,DELETE,regular-file,.next/static/chunks/node_modules_dompurify_dist_purify_es_mjs_39224456._.js.map,132419,
2add7d8127ce48498de596b82965ed9be91331c3,DELETE,regular-file,.next/static/chunks/node_modules_dompurify_dist_purify_es_mjs_4779b514._.js,279,
2add7d8127ce48498de596b82965ed9be91331c3,DELETE,regular-file,.next/static/chunks/node_modules_dompurify_dist_purify_es_mjs_5d6248d9._.js,279,
2add7d8127ce48498de596b82965ed9be91331c3,DELETE,regular-file,.next/static/chunks/node_modules_dompurify_dist_purify_es_mjs_610a4ceb._.js,279,
2add7d8127ce48498de596b82965ed9be91331c3,DELETE,regular-file,.next/static/chunks/node_modules_dompurify_dist_purify_es_mjs_6b8c6e32._.js,279,
2add7d8127ce48498de596b82965ed9be91331c3,DELETE,regular-file,.next/static/chunks/node_modules_dompurify_dist_purify_es_mjs_94da0927._.js,279,
2add7d8127ce48498de596b82965ed9be91331c3,DELETE,regular-file,.next/static/chunks/node_modules_dompurify_dist_purify_es_mjs_df238eac._.js,279,
5d90654a670f8d86fde8e194b732ef216dc6a2a0,DELETE,regular-file,.next/static/chunks/node_modules_eb4ca988._.js,453599,
288cd19ffd931a2fc9edb0e012d17b7497f77fd2,DELETE,regular-file,.next/static/chunks/node_modules_eb4ca988._.js.map,792751,
f9827ca38432ace22b7e759856acf2febe0121bb,DELETE,regular-file,.next/static/chunks/node_modules_html2canvas_dist_html2canvas_3938cdad.js,459089,
b8cca1340332571a1dd7e0c47dde49ef18779699,DELETE,regular-file,.next/static/chunks/node_modules_html2canvas_dist_html2canvas_3938cdad.js.map,783142,
2cfdb7517f2600c0cb65ec8466a8bf447faab50f,DELETE,regular-file,.next/static/chunks/node_modules_html2pdf_js_dist_html2pdf_1f221cbf.js,945,
c15d7ec00382d3604310ddb8b53cbdb90d9e1942,DELETE,regular-file,.next/static/chunks/node_modules_html2pdf_js_dist_html2pdf_1f221cbf.js.map,53,
e1e097cbdb896a35fbf48a2b829218aae798786c,DELETE,regular-file,.next/static/chunks/node_modules_html2pdf_js_dist_html2pdf_33c32838.js,507,
4036fee36abcc2cb18837bfe15bdf614a0cdbb0c,DELETE,regular-file,.next/static/chunks/node_modules_html2pdf_js_dist_html2pdf_35fb33f4.js,507,
ef32888e8fffc03bf104f5dd6c905853415fd3cb,DELETE,regular-file,.next/static/chunks/node_modules_html2pdf_js_dist_html2pdf_6ba8c218.js,507,
3b627204bb4a706989e405702edff287f601e967,DELETE,regular-file,.next/static/chunks/node_modules_html2pdf_js_dist_html2pdf_6c43fb94.js,288196,
be0a0c790cdcb1a849f90e42f105d19a1695611e,DELETE,regular-file,.next/static/chunks/node_modules_html2pdf_js_dist_html2pdf_6c43fb94.js.map,345491,
cc771dc2254c06d77dc1920bc9be135838caf80f,DELETE,regular-file,.next/static/chunks/node_modules_html2pdf_js_dist_html2pdf_9aa33e6a.js,507,
6e6f37065b9f3ae8aa07a4c72607ace298566b63,DELETE,regular-file,.next/static/chunks/node_modules_html2pdf_js_dist_html2pdf_a3165c03.js,507,
b0a7f1cc31e5791767d8e954e6a604ababdf77e9,DELETE,regular-file,.next/static/chunks/node_modules_html2pdf_js_dist_html2pdf_a7242547.js,507,
4465e42396a1a42bf1bdc3bfd9e99d6ae837cf20,DELETE,regular-file,.next/static/chunks/node_modules_html2pdf_js_dist_html2pdf_b575255f.js,507,
dbc7b565f0763c2935a84b50b9300059fe900580,DELETE,regular-file,.next/static/chunks/node_modules_html2pdf_js_dist_html2pdf_c41af4a0.js,507,
3bc284e94af4124932ae1b0329b88f5f80c50872,DELETE,regular-file,.next/static/chunks/node_modules_html2pdf_js_dist_html2pdf_e55be4b8.js,945,
c15d7ec00382d3604310ddb8b53cbdb90d9e1942,DELETE,regular-file,.next/static/chunks/node_modules_html2pdf_js_dist_html2pdf_e55be4b8.js.map,53,
b4308de6f6aff678f8d7911939e6245a26df9a3d,DELETE,regular-file,.next/static/chunks/node_modules_html2pdf_js_dist_html2pdf_e6f922f8.js,507,
55173e0e9bb783258da4715299856fc8324c49e2,DELETE,regular-file,.next/static/chunks/node_modules_html2pdf_js_dist_html2pdf_ecb5a699.js,507,
b2134d2d9759006b369a8585c58a108050ee6eba,DELETE,regular-file,.next/static/chunks/node_modules_jspdf_dist_jspdf_es_min_c277e70f.js,683918,
b8052d3871731c497ebeb947cdb1abfee9711318,DELETE,regular-file,.next/static/chunks/node_modules_jspdf_dist_jspdf_es_min_c277e70f.js.map,2866389,
0616242f65ba4644839694d70e8518109a1df313,DELETE,regular-file,.next/static/chunks/node_modules_next_dist_1a6ee436._.js,118110,
4df567cd198fa18597e9ab7af52d6ab806403dbd,DELETE,regular-file,.next/static/chunks/node_modules_next_dist_1a6ee436._.js.map,150519,
720bcd40add5381db82428f45aef7f048f568baa,DELETE,regular-file,.next/static/chunks/node_modules_next_dist_2ecbf5fa._.js,96063,
97d004fe0e9ab028b1c906bff0d186bbbfdcab4c,DELETE,regular-file,.next/static/chunks/node_modules_next_dist_2ecbf5fa._.js.map,137065,
ab422b94a4fbe76275d31c0bf7ef334768b39cae,DELETE,regular-file,.next/static/chunks/node_modules_next_dist_build_polyfills_polyfill-nomodule.js,112594,
eb3a3bb31579910cbca5496ae31d7e9754cc4e1f,DELETE,regular-file,.next/static/chunks/node_modules_next_dist_client_8f19e6fb._.js,995806,
9992c33a6deb9b6bba1b518cea6bbec789fe4a54,DELETE,regular-file,.next/static/chunks/node_modules_next_dist_client_8f19e6fb._.js.map,1115501,
cc30635016e3b26bffd4ea6b3e66dd6d04910e1e,DELETE,regular-file,.next/static/chunks/node_modules_next_dist_compiled_2ce9398a._.js,1109620,
80a87b075f357d7d276313ce992b0b18e53139bd,DELETE,regular-file,.next/static/chunks/node_modules_next_dist_compiled_2ce9398a._.js.map,1723527,
444264e26ee99bdd69ba41383906a57d68963ee9,DELETE,regular-file,.next/static/chunks/node_modules_react-dom_82bb97c6._.js,871473,
99623f5e9f73f31e3b98f67ac642a3ce631d3b6d,DELETE,regular-file,.next/static/chunks/node_modules_react-dom_82bb97c6._.js.map,1386709,
2d69d7d3eb0e262fdf839cd1c06d7c9ba3046017,DELETE,regular-file,.next/static/chunks/pages/_app.js,344,
d05af88293d18f5bbbdb31e1fc84b183423c90ed,DELETE,regular-file,.next/static/chunks/pages/_error.js,350,
193df8fbe5b0bcb23f0e9e9d26d418dbeae59140,DELETE,regular-file,.next/static/chunks/pages__app_5771e187._.js,414,
59204c355ad0cebc4c8fe1f49aae6c528b5aa329,DELETE,regular-file,.next/static/chunks/pages__app_9114105e._.js,66637,
4fce2364f12e629770136fc1b4bd0faad9aaee26,DELETE,regular-file,.next/static/chunks/pages__app_9114105e._.js.map,108301,
d1f32683c95a8a215f8a1d56c830bbee77d1d8d3,DELETE,regular-file,.next/static/chunks/pages__error_5771e187._.js,414,
482ae22dfe4fd12c8277ee096934312155d99048,DELETE,regular-file,.next/static/chunks/pages__error_ec6747c0._.js,66641,
4fce2364f12e629770136fc1b4bd0faad9aaee26,DELETE,regular-file,.next/static/chunks/pages__error_ec6747c0._.js.map,108301,
6b9c6d4a57c0b4d3bbbcf314b146d19b9f03eb10,DELETE,regular-file,.next/static/development/_buildManifest.js,260,
0637a088a01e8ddab3bf3fa98dbe804cbde1a0dc,DELETE,regular-file,.next/static/development/_clientMiddlewareManifest.json,2,
2260768dc5ed2038ca4a4ee405a15f82886a290f,DELETE,regular-file,.next/static/development/_ssgManifest.js,76,
718d6fea4835ec2d246af9800eddb7ffb276240c,DELETE,regular-file,.next/static/media/favicon.45db1c09.ico,25931,
2751831c894848b62b7b48afda72843f438653a2,DELETE,regular-file,.next/trace,472892,
f0bb93b39a20de110dade9fa4742e305ef2d568f,DELETE,regular-file,.next/transform.js,1111,
c15d7ec00382d3604310ddb8b53cbdb90d9e1942,DELETE,regular-file,.next/transform.js.map,53,
